"contrast","estimate","SE","df","t.ratio","p.value","trait"
"InCtrl - ExCtrl",-0.298274473533976,0.683484392348445,30.9552595021916,-0.436402757507174,0.761509366685218,"height4"
"InCtrl - 522",-0.233274473533981,0.55861280434618,31.072513164526,-0.41759600159365,0.761509366685218,"height4"
"InCtrl - 702",0.481725526466018,0.55861280434618,31.072513164526,0.862360337461019,0.530007181497815,"height4"
"InCtrl - 717",-0.162103826950343,0.56025996782759,31.4252502780789,-0.289336801233365,0.834947448133875,"height4"
"InCtrl - 733",0.223782289424134,0.56025996782759,31.4252502780789,0.399425806366018,0.761509366685218,"height4"
"InCtrl - 141",-3.76995222058918,0.56025996782759,31.4252502780789,-6.72893377552421,7.33534549356231e-07,"height4"
"InCtrl - 522co141",-4.06827447353399,0.55861280434618,31.072513164526,-7.28281636561417,3.58554955380533e-07,"height4"
"InCtrl - 702co141",-3.81327447353399,0.55861280434618,31.072513164526,-6.82632844049677,6.50965642307135e-07,"height4"
"InCtrl - 717co141",-2.70327447353398,0.55861280434618,31.072513164526,-4.8392633546916,7.1608009663227e-05,"height4"
"InCtrl - 733co141",-3.23827447353399,0.55861280434618,31.072513164526,-5.79699292307519,6.6326915665544e-06,"height4"
"ExCtrl - 522",0.0649999999999956,0.682134846062902,30.7212435269498,0.0952890771892949,0.938680660733776,"height4"
"ExCtrl - 702",0.779999999999994,0.682134846062902,30.7212435269499,1.14346892627161,0.388978418533065,"height4"
"ExCtrl - 717",0.136170646583633,0.683484392348448,30.9552595021903,0.199230074758184,0.892042536869757,"height4"
"ExCtrl - 733",0.52205676295811,0.683484392348448,30.9552595021903,0.763816655950733,0.576552809413056,"height4"
"ExCtrl - 141",-3.4716777470552,0.683484392348448,30.9552595021903,-5.07938116205776,3.77746286671339e-05,"height4"
"ExCtrl - 522co141",-3.77000000000001,0.682134846062902,30.7212435269498,-5.52676647697949,1.30547362168774e-05,"height4"
"ExCtrl - 702co141",-3.51500000000001,0.682134846062902,30.7212435269499,-5.15294009723685,3.25213640966826e-05,"height4"
"ExCtrl - 717co141",-2.405,0.682134846062902,30.7212435269498,-3.52569585600415,0.00247289158371343,"height4"
"ExCtrl - 733co141",-2.94000000000001,0.682134846062902,30.7212435269499,-4.30999826056226,0.000295082075366312,"height4"
"522 - 702",0.714999999999998,0.55696076954202,30.7212435269499,1.28375289445957,0.32815665030009,"height4"
"522 - 717",0.0711706465836378,0.558612804346183,31.0725131645241,0.127406042306778,0.933381127124025,"height4"
"522 - 733",0.457056762958115,0.558612804346183,31.072513164524,0.818199581896565,0.54931094238614,"height4"
"522 - 141",-3.5366777470552,0.558612804346183,31.072513164524,-6.33117916298862,1.63277352928773e-06,"height4"
"522 - 522co141",-3.83500000000001,0.55696076954202,30.7212435269499,-6.88558370664682,6.50965642307135e-07,"height4"
"522 - 702co141",-3.58000000000001,0.55696076954202,30.7212435269499,-6.42774176526613,1.3965326281385e-06,"height4"
"522 - 717co141",-2.47,0.55696076954202,30.7212435269499,-4.43478272631488,0.000215025971325942,"height4"
"522 - 733co141",-3.00500000000001,0.55696076954202,30.7212435269499,-5.39535307391753,1.77531086069141e-05,"height4"
"702 - 717",-0.643829353416361,0.558612804346183,31.072513164524,-1.15255029674788,0.388978418533065,"height4"
"702 - 733",-0.257943237041884,0.558612804346183,31.072513164524,-0.461756757158096,0.760975224920662,"height4"
"702 - 141",-4.25167774705519,0.558612804346183,31.072513164524,-7.61113550204328,1.89056546795444e-07,"height4"
"702 - 522co141",-4.55,0.55696076954202,30.7212435269499,-8.16933660110639,1.86112629440438e-07,"height4"
"702 - 702co141",-4.295,0.55696076954202,30.7212435269499,-7.7114946597257,1.89056546795444e-07,"height4"
"702 - 717co141",-3.18499999999999,0.55696076954202,30.7212435269499,-5.71853562077445,8.1803990566861e-06,"height4"
"702 - 733co141",-3.72000000000001,0.55696076954202,30.7212435269498,-6.6791059683771,8.65663807363785e-07,"height4"
"717 - 733",0.385886116374477,0.560259967827593,31.4252502780769,0.688762607599378,0.620033284414222,"height4"
"717 - 141",-3.60784839363883,0.560259967827593,31.4252502780769,-6.43959697429081,1.30505744379652e-06,"height4"
"717 - 522co141",-3.90617064658364,0.558612804346183,31.072513164524,-6.99262640632726,5.12846872522679e-07,"height4"
"717 - 702co141",-3.65117064658364,0.558612804346183,31.072513164524,-6.53613848120986,1.12767842765003e-06,"height4"
"717 - 717co141",-2.54117064658363,0.558612804346184,31.072513164524,-4.5490733954047,0.000157917227977597,"height4"
"717 - 733co141",-3.07617064658365,0.558612804346183,31.072513164524,-5.50680296378829,1.30547362168774e-05,"height4"
"733 - 141",-3.99373451001331,0.560259967827593,31.4252502780769,-7.12835958189018,3.77785364980481e-07,"height4"
"733 - 522co141",-4.29205676295812,0.558612804346184,31.072513164524,-7.68341994591704,1.89056546795444e-07,"height4"
"733 - 702co141",-4.03705676295812,0.558612804346184,31.072513164524,-7.22693202079965,3.58554955380533e-07,"height4"
"733 - 717co141",-2.92705676295811,0.558612804346184,31.072513164524,-5.23986693499448,2.56494047438189e-05,"height4"
"733 - 733co141",-3.46205676295813,0.558612804346184,31.072513164524,-6.19759650337807,2.24328805546343e-06,"height4"
"141 - 522co141",-0.298322252944812,0.558612804346184,31.072513164524,-0.53404120103186,0.729805269279277,"height4"
"141 - 702co141",-0.0433222529448112,0.558612804346184,31.072513164524,-0.0775532759144624,0.938680660733776,"height4"
"141 - 717co141",1.0666777470552,0.558612804346184,31.072513164524,1.9095118098907,0.109111157512611,"height4"
"141 - 733co141",0.531677747055185,0.558612804346184,31.072513164524,0.951782241507113,0.479260186969601,"height4"
"522co141 - 702co141",0.255,0.55696076954202,30.7212435269499,0.457841941380688,0.760975224920662,"height4"
"522co141 - 717co141",1.36500000000001,0.55696076954202,30.7212435269499,2.45080098033194,0.0357499522093632,"height4"
"522co141 - 733co141",0.829999999999997,0.55696076954202,30.7212435269499,1.49023063272929,0.236758981156655,"height4"
"702co141 - 717co141",1.11000000000001,0.55696076954202,30.7212435269498,1.99295903895125,0.0948976193572276,"height4"
"702co141 - 733co141",0.574999999999996,0.55696076954202,30.7212435269499,1.0323886913486,0.44861096389061,"height4"
"717co141 - 733co141",-0.535000000000016,0.55696076954202,30.7212435269498,-0.960570347602646,0.479260186969601,"height4"
"InCtrl - ExCtrl",2.04560207896476,7.16999343123205,30.9467698843458,0.285300411860107,0.909623720449549,"leaf4"
"InCtrl - 522",1.29560207896474,5.86100936765196,31.0826216611372,0.221054428971811,0.927699356967117,"leaf4"
"InCtrl - 702",1.89560207896475,5.86100936765196,31.0826216611373,0.323425874291713,0.909623720449549,"leaf4"
"InCtrl - 717",-0.834140611388655,5.88116583875975,31.4914632384774,-0.141832526791076,0.953522644968731,"leaf4"
"InCtrl - 733",-0.14731747660782,5.88116583875975,31.4914632384773,-0.0250490261024312,0.983406310535931,"leaf4"
"InCtrl - 141",-45.4374788776393,5.88116583875975,31.4914632384774,-7.7259305592412,1.35695057349813e-07,"leaf4"
"InCtrl - 522co141",-38.1543979210352,5.86100936765196,31.0826216611373,-6.50986810081156,1.12568484051208e-06,"leaf4"
"InCtrl - 702co141",-42.3543979210352,5.86100936765196,31.0826216611373,-7.22646821805085,2.55945393176648e-07,"leaf4"
"InCtrl - 717co141",-27.5543979210352,5.86100936765196,31.0826216611372,-4.70130590016001,0.000102241140891352,"leaf4"
"InCtrl - 733co141",-31.9043979210353,5.86100936765196,31.0826216611373,-5.44349887872928,1.56396997293613e-05,"leaf4"
"ExCtrl - 522",-0.750000000000022,7.15346943717663,30.6757146761033,-0.104844230703254,0.953522644968731,"leaf4"
"ExCtrl - 702",-0.15000000000001,7.15346943717663,30.6757146761033,-0.0209688461406516,0.983406310535931,"leaf4"
"ExCtrl - 717",-2.87974269035342,7.16999343123205,30.9467698843467,-0.401638121146588,0.904502031880567,"leaf4"
"ExCtrl - 733",-2.19291955557258,7.16999343123205,30.9467698843467,-0.305846801200732,0.909623720449549,"leaf4"
"ExCtrl - 141",-47.4830809566041,7.16999343123205,30.9467698843467,-6.62247203041648,9.02657801286611e-07,"leaf4"
"ExCtrl - 522co141",-40.2,7.15346943717663,30.6757146761033,-5.61965076569424,1.03498040072886e-05,"leaf4"
"ExCtrl - 702co141",-44.4,7.15346943717663,30.6757146761033,-6.20677845763244,2.30697659814699e-06,"leaf4"
"ExCtrl - 717co141",-29.6,7.15346943717663,30.6757146761033,-4.1378523050883,0.000463030684980001,"leaf4"
"ExCtrl - 733co141",-33.95,7.15346943717663,30.6757146761033,-4.74594884316716,9.61420314093484e-05,"leaf4"
"522 - 702",0.600000000000012,5.8407833372257,30.6757146761033,0.102725947079044,0.953522644968731,"leaf4"
"522 - 717",-2.1297426903534,5.86100936765196,31.0826216611387,-0.363374728951613,0.909623720449549,"leaf4"
"522 - 733",-1.44291955557256,5.86100936765196,31.0826216611387,-0.246189600640516,0.924863989204586,"leaf4"
"522 - 141",-46.7330809566041,5.86100936765196,31.0826216611388,-7.97355506963237,1.35695057349813e-07,"leaf4"
"522 - 522co141",-39.45,5.8407833372257,30.6757146761033,-6.75423102044704,7.08064847934481e-07,"leaf4"
"522 - 702co141",-43.65,5.8407833372257,30.6757146761034,-7.47331265000033,1.70158163789614e-07,"leaf4"
"522 - 717co141",-28.85,5.8407833372257,30.6757146761033,-4.93940595538395,5.76400702138569e-05,"leaf4"
"522 - 733co141",-33.2,5.8407833372257,30.6757146761033,-5.68416907170701,9.06689940217699e-06,"leaf4"
"702 - 717",-2.72974269035341,5.86100936765196,31.0826216611387,-0.465746174271514,0.8647668808229,"leaf4"
"702 - 733",-2.04291955557257,5.86100936765196,31.0826216611387,-0.348561045960418,0.909623720449549,"leaf4"
"702 - 141",-47.3330809566041,5.86100936765196,31.0826216611388,-8.07592651495227,1.35695057349813e-07,"leaf4"
"702 - 522co141",-40.05,5.8407833372257,30.6757146761033,-6.85695696752608,5.81464442843537e-07,"leaf4"
"702 - 702co141",-44.25,5.8407833372257,30.6757146761033,-7.57603859707937,1.50638236037612e-07,"leaf4"
"702 - 717co141",-29.45,5.8407833372257,30.6757146761033,-5.042131902463,4.47940329763665e-05,"leaf4"
"702 - 733co141",-33.8,5.8407833372257,30.6757146761033,-5.78689501878606,7.14677970438263e-06,"leaf4"
"717 - 733",0.686823134780835,5.88116583875975,31.4914632384788,0.116783500688645,0.953522644968731,"leaf4"
"717 - 141",-44.6033382662507,5.88116583875975,31.4914632384789,-7.58409803245012,1.49128190944378e-07,"leaf4"
"717 - 522co141",-37.3202573096466,5.86100936765196,31.0826216611387,-6.36754780083176,1.47118595033062e-06,"leaf4"
"717 - 702co141",-41.5202573096466,5.86100936765196,31.0826216611387,-7.08414791807105,3.18028876618659e-07,"leaf4"
"717 - 717co141",-26.7202573096466,5.86100936765196,31.0826216611387,-4.55898560018021,0.000142846958578459,"leaf4"
"717 - 733co141",-31.0702573096466,5.86100936765196,31.0826216611387,-5.30117857874948,2.14884872864459e-05,"leaf4"
"733 - 141",-45.2901614010315,5.88116583875975,31.4914632384789,-7.70088153313877,1.35695057349813e-07,"leaf4"
"733 - 522co141",-38.0070804444274,5.86100936765196,31.0826216611387,-6.48473292914286,1.12765060896355e-06,"leaf4"
"733 - 702co141",-42.2070804444274,5.86100936765196,31.0826216611387,-7.20133304638215,2.55945393176648e-07,"leaf4"
"733 - 717co141",-27.4070804444274,5.86100936765196,31.0826216611387,-4.6761707284913,0.000105926904448852,"leaf4"
"733 - 733co141",-31.7570804444274,5.86100936765196,31.0826216611387,-5.41836370706057,1.60458663770333e-05,"leaf4"
"141 - 522co141",7.2830809566041,5.86100936765196,31.0826216611388,1.24263253984899,0.341147402137806,"leaf4"
"141 - 702co141",3.08308095660413,5.86100936765196,31.0826216611388,0.526032422609704,0.828573743635957,"leaf4"
"141 - 717co141",17.8830809566041,5.86100936765196,31.0826216611388,3.05119474050055,0.00822456640655736,"leaf4"
"141 - 733co141",13.5330809566041,5.86100936765196,31.0826216611387,2.30900176193128,0.0462603098339187,"leaf4"
"522co141 - 702co141",-4.19999999999997,5.8407833372257,30.6757146761033,-0.719081629553291,0.673444164272884,"leaf4"
"522co141 - 717co141",10.6,5.8407833372257,30.6757146761033,1.81482506506308,0.128345192441182,"leaf4"
"522co141 - 733co141",6.24999999999999,5.8407833372257,30.6757146761033,1.07006194874002,0.435450210502001,"leaf4"
"702co141 - 717co141",14.8,5.8407833372257,30.6757146761033,2.53390669461637,0.0285480943179741,"leaf4"
"702co141 - 733co141",10.45,5.8407833372257,30.6757146761033,1.78914357829331,0.131168436242979,"leaf4"
"717co141 - 733co141",-4.35,5.8407833372257,30.6757146761033,-0.744763116323058,0.668804307471726,"leaf4"
"InCtrl - ExCtrl",-2.68623032893288,1.3369630622935,30.7034056946041,-2.0092030996913,0.0917415748387228,"chloro4"
"InCtrl - 522",0.133769671067124,1.09425749487779,30.9712029772687,0.122246977236436,0.955617824398764,"chloro4"
"InCtrl - 702",-0.846230328932879,1.09425749487779,30.9712029772687,-0.77333747577154,0.569423170402114,"chloro4"
"InCtrl - 717",-1.21980699905003,1.10211496701135,31.7788646744514,-1.10678743648481,0.380613935198716,"chloro4"
"InCtrl - 733",-1.20916097559998,1.10211496701135,31.7788646744513,-1.0971278058939,0.380613935198716,"chloro4"
"InCtrl - 141",-22.8233285260384,1.10211496701135,31.7788646744514,-20.708663986235,1.69877689701823e-18,"chloro4"
"InCtrl - 522co141",-22.0862303289329,1.09425749487779,30.9712029772687,-20.1837597021892,1.69877689701823e-18,"chloro4"
"InCtrl - 702co141",-22.1662303289329,1.09425749487779,30.9712029772687,-20.2568686371287,1.69877689701823e-18,"chloro4"
"InCtrl - 717co141",-21.6215677625442,1.10211496701135,31.7788646744513,-19.6182507358342,1.69877689701823e-18,"chloro4"
"InCtrl - 733co141",-21.5412303289329,1.09425749487779,30.9712029772687,-19.6857050829144,2.08769469182942e-18,"chloro4"
"ExCtrl - 522",2.82,1.33049325234028,30.1699928447008,2.11951469504993,0.0751995805267359,"chloro4"
"ExCtrl - 702",1.84,1.33049325234028,30.1699928447008,1.38294575847229,0.294720085534419,"chloro4"
"ExCtrl - 717",1.46642332988285,1.3369630622935,30.7034056946034,1.09683159635485,0.380613935198716,"chloro4"
"ExCtrl - 733",1.47706935333289,1.3369630622935,30.7034056946035,1.10479443672815,0.380613935198716,"chloro4"
"ExCtrl - 141",-20.1370981971056,1.3369630622935,30.7034056946034,-15.061820902188,2.11686170779905e-15,"chloro4"
"ExCtrl - 522co141",-19.4,1.33049325234028,30.1699928447008,-14.5810585404144,6.56462628060885e-15,"chloro4"
"ExCtrl - 702co141",-19.48,1.33049325234028,30.1699928447008,-14.6411866168698,6.10315622264792e-15,"chloro4"
"ExCtrl - 717co141",-18.9353374336113,1.3369630622935,30.7034056946034,-14.1629473301443,9.96857157973978e-15,"chloro4"
"ExCtrl - 733co141",-18.855,1.33049325234028,30.1699928447008,-14.1714360195626,1.30167065386374e-14,"chloro4"
"522 - 702",-0.980000000000004,1.08634319148325,30.1699928447008,-0.90210902749982,0.489951698602009,"chloro4"
"522 - 717",-1.35357667011715,1.09425749487779,30.9712029772678,-1.236981858889,0.35981747893144,"chloro4"
"522 - 733",-1.34293064666711,1.09425749487779,30.9712029772678,-1.22725286594184,0.35981747893144,"chloro4"
"522 - 141",-22.9570981971056,1.09425749487779,30.9712029772678,-20.9796124811277,1.69877689701823e-18,"chloro4"
"522 - 522co141",-22.22,1.08634319148325,30.1699928447008,-20.4539414194346,1.69877689701823e-18,"chloro4"
"522 - 702co141",-22.3,1.08634319148325,30.1699928447008,-20.5275829726999,1.69877689701823e-18,"chloro4"
"522 - 717co141",-21.7553374336113,1.09425749487779,30.9712029772678,-19.8813693627395,1.71350407782822e-18,"chloro4"
"522 - 733co141",-21.675,1.08634319148325,30.1699928447008,-19.9522583378148,2.62946629168808e-18,"chloro4"
"702 - 717",-0.373576670117146,1.09425749487779,30.9712029772678,-0.341397405881025,0.800599043292918,"chloro4"
"702 - 733",-0.362930646667105,1.09425749487779,30.9712029772678,-0.331668412933867,0.800599043292918,"chloro4"
"702 - 141",-21.9770981971056,1.09425749487779,30.9712029772678,-20.0840280281197,1.69877689701823e-18,"chloro4"
"702 - 522co141",-21.24,1.08634319148325,30.1699928447008,-19.5518323919348,3.28508428811639e-18,"chloro4"
"702 - 702co141",-21.32,1.08634319148325,30.1699928447008,-19.6254739452001,3.28508428811639e-18,"chloro4"
"702 - 717co141",-20.7753374336113,1.09425749487779,30.9712029772678,-18.9857849097315,3.48152224701267e-18,"chloro4"
"702 - 733co141",-20.695,1.08634319148325,30.1699928447008,-19.050149310315,5.31584436301561e-18,"chloro4"
"717 - 733",0.0106460234500405,1.10211496701134,31.7788646744505,0.00965963059090815,0.992353236808752,"chloro4"
"717 - 141",-21.6035215269884,1.10211496701134,31.7788646744505,-19.6018765497502,1.69877689701823e-18,"chloro4"
"717 - 522co141",-20.8664233298828,1.09425749487779,30.9712029772678,-19.0690248205367,3.28508428811639e-18,"chloro4"
"717 - 702co141",-20.9464233298829,1.09425749487779,30.9712029772678,-19.1421337554761,3.28508428811639e-18,"chloro4"
"717 - 717co141",-20.4017607634942,1.10211496701134,31.7788646744505,-18.5114632993494,3.48152224701267e-18,"chloro4"
"717 - 733co141",-20.3214233298829,1.09425749487779,30.9712029772678,-18.5709702012619,5.31584436301561e-18,"chloro4"
"733 - 141",-21.6141675504385,1.10211496701134,31.7788646744505,-19.6115361803411,1.69877689701823e-18,"chloro4"
"733 - 522co141",-20.8770693533329,1.09425749487779,30.9712029772678,-19.0787538134838,3.28508428811639e-18,"chloro4"
"733 - 702co141",-20.9570693533329,1.09425749487779,30.9712029772678,-19.1518627484233,3.28508428811639e-18,"chloro4"
"733 - 717co141",-20.4124067869442,1.10211496701134,31.7788646744505,-18.5211229299403,3.48152224701267e-18,"chloro4"
"733 - 733co141",-20.3320693533329,1.09425749487779,30.9712029772678,-18.580699194209,5.31584436301561e-18,"chloro4"
"141 - 522co141",0.737098197105578,1.09425749487779,30.9712029772678,0.673605801702002,0.631947832889382,"chloro4"
"141 - 702co141",0.657098197105551,1.09425749487779,30.9712029772678,0.600496866762552,0.675332067358322,"chloro4"
"141 - 717co141",1.20176076349422,1.10211496701134,31.7788646744505,1.09041325040081,0.380613935198716,"chloro4"
"141 - 733co141",1.28209819710555,1.09425749487779,30.9712029772678,1.17166042097682,0.380613935198716,"chloro4"
"522co141 - 702co141",-0.0800000000000267,1.08634319148325,30.1699928447008,-0.0736415532653158,0.959389616158611,"chloro4"
"522co141 - 717co141",0.464662566388647,1.09425749487779,30.9712029772678,0.424637316686181,0.756571682276585,"chloro4"
"522co141 - 733co141",0.544999999999973,1.08634319148325,30.1699928447008,0.501683081619771,0.712913174068099,"chloro4"
"702co141 - 717co141",0.544662566388673,1.09425749487779,30.9712029772678,0.497746251625632,0.712913174068099,"chloro4"
"702co141 - 733co141",0.625,1.08634319148325,30.1699928447008,0.575324634885087,0.680730437390282,"chloro4"
"717co141 - 733co141",0.0803374336113265,1.09425749487779,30.9712029772678,0.073417302588637,0.959389616158611,"chloro4"
"InCtrl - ExCtrl",-0.0777164169891756,0.232703050642333,30.7832296530577,-0.333972488863613,0.929703880531817,"ratio"
"InCtrl - 522",-0.174411183565842,0.190343576906373,30.9892192105155,-0.916296658918162,0.560063927048702,"ratio"
"InCtrl - 702",-0.000600277666309272,0.190343576906373,30.9892192105155,-0.00315365338860128,0.997503967179561,"ratio"
"InCtrl - 717",-0.0403935499899956,0.191366897664023,31.6099322128846,-0.211079086733764,0.957652456454766,"ratio"
"InCtrl - 733",-0.0133766469544437,0.191366897664023,31.6099322128846,-0.0699005267772522,0.964450716478638,"ratio"
"InCtrl - 141",-1.45381566067286,0.191366897664023,31.6099322128846,-7.5970069976537,9.91866871002452e-08,"ratio"
"InCtrl - 522co141",-1.72777867309752,0.190343576906373,30.9892192105155,-9.07715774379603,6.73793524305967e-09,"ratio"
"InCtrl - 702co141",-1.38982499156846,0.190343576906373,30.9892192105155,-7.30166477985279,1.21508256382887e-07,"ratio"
"InCtrl - 717co141",-1.37006112134388,0.191366897664023,31.6099322128846,-7.15934227950572,1.32640631127728e-07,"ratio"
"InCtrl - 733co141",-1.43283821994848,0.190343576906373,30.9892192105155,-7.52764155868141,9.91866871002452e-08,"ratio"
"ExCtrl - 522",-0.0966947665766661,0.231862238249803,30.37264257736,-0.417035422872479,0.929703880531817,"ratio"
"ExCtrl - 702",0.0771161393228663,0.231862238249803,30.37264257736,0.332594647170546,0.929703880531817,"ratio"
"ExCtrl - 717",0.0373228669991799,0.232703050642334,30.7832296530582,0.160388387243558,0.964450716478638,"ratio"
"ExCtrl - 733",0.0643397700347319,0.232703050642334,30.7832296530581,0.276488726113103,0.957652456454766,"ratio"
"ExCtrl - 141",-1.37609924368369,0.232703050642334,30.7832296530582,-5.91354191483617,3.28277703286707e-06,"ratio"
"ExCtrl - 522co141",-1.65006225610834,0.231862238249803,30.37264257736,-7.11656313060605,1.58008446891272e-07,"ratio"
"ExCtrl - 702co141",-1.31210857457929,0.231862238249803,30.37264257736,-5.65900072596407,6.59950659974831e-06,"ratio"
"ExCtrl - 717co141",-1.29234470435471,0.232703050642334,30.7832296530582,-5.55362166842002,8.23417611549202e-06,"ratio"
"ExCtrl - 733co141",-1.35512180295931,0.231862238249803,30.37264257736,-5.84451272957752,4.04534401228942e-06,"ratio"
"522 - 702",0.173810905899532,0.189314724777214,30.37264257736,0.918105583726113,0.560063927048702,"ratio"
"522 - 717",0.134017633575846,0.190343576906373,30.9892192105162,0.704082773656013,0.704345548281275,"ratio"
"522 - 733",0.161034536611398,0.190343576906373,30.9892192105162,0.846020334537519,0.600580745460929,"ratio"
"522 - 141",-1.27940447710702,0.190343576906373,30.9892192105162,-6.7215531929209,3.84245154592848e-07,"ratio"
"522 - 522co141",-1.55336748953168,0.189314724777214,30.37264257736,-8.20521220079254,3.69749205420806e-08,"ratio"
"522 - 702co141",-1.21541380800262,0.189314724777214,30.37264257736,-6.42007012097408,9.017863456497e-07,"ratio"
"522 - 717co141",-1.19564993777804,0.190343576906373,30.9892192105162,-6.2815355117875,1.16975628015738e-06,"ratio"
"522 - 733co141",-1.25842703638264,0.189314724777214,30.37264257736,-6.64727499598123,5.002141777567e-07,"ratio"
"702 - 717",-0.0397932723236864,0.190343576906373,30.9892192105162,-0.209060231873545,0.957652456454766,"ratio"
"702 - 733",-0.0127763692881344,0.190343576906373,30.9892192105162,-0.0671226709920393,0.964450716478638,"ratio"
"702 - 141",-1.45321538300655,0.190343576906373,30.9892192105162,-7.63469619845046,9.91866871002452e-08,"ratio"
"702 - 522co141",-1.72717839543121,0.189314724777214,30.37264257736,-9.12331778451865,6.73793524305967e-09,"ratio"
"702 - 702co141",-1.38922471390215,0.189314724777214,30.37264257736,-7.33817570470019,1.21508256382887e-07,"ratio"
"702 - 717co141",-1.36946084367757,0.190343576906373,30.9892192105162,-7.19467851731706,1.32640631127728e-07,"ratio"
"702 - 733co141",-1.43223794228217,0.189314724777214,30.37264257736,-7.56538057970734,9.91866871002452e-08,"ratio"
"717 - 733",0.0270169030355519,0.191366897664023,31.6099322128854,0.141178559956512,0.964450716478638,"ratio"
"717 - 141",-1.41342211068287,0.191366897664023,31.6099322128854,-7.38592791091992,1.04446132080956e-07,"ratio"
"717 - 522co141",-1.68738512310752,0.190343576906373,30.9892192105162,-8.86494385853386,7.23382303381347e-09,"ratio"
"717 - 702co141",-1.34943144157847,0.190343576906373,30.9892192105162,-7.08945089459062,1.58008446891272e-07,"ratio"
"717 - 717co141",-1.32966757135389,0.191366897664023,31.6099322128854,-6.94826319277194,1.92208693939888e-07,"ratio"
"717 - 733co141",-1.39244466995849,0.190343576906373,30.9892192105162,-7.31542767341924,1.21508256382887e-07,"ratio"
"733 - 141",-1.44043901371842,0.191366897664023,31.6099322128854,-7.52710647087643,9.91866871002452e-08,"ratio"
"733 - 522co141",-1.71440202614308,0.190343576906373,30.9892192105162,-9.00688141941537,6.73793524305967e-09,"ratio"
"733 - 702co141",-1.37644834461402,0.190343576906373,30.9892192105162,-7.23138845547213,1.32640631127728e-07,"ratio"
"733 - 717co141",-1.35668447438944,0.191366897664023,31.6099322128854,-7.08944175272845,1.50014748680683e-07,"ratio"
"733 - 733co141",-1.41946157299404,0.190343576906373,30.9892192105162,-7.45736523430075,1.04446132080956e-07,"ratio"
"141 - 522co141",-0.273963012424657,0.190343576906373,30.9892192105162,-1.43930789195695,0.258966999048272,"ratio"
"141 - 702co141",0.063990669104397,0.190343576906373,30.9892192105162,0.33618507198629,0.929703880531817,"ratio"
"141 - 717co141",0.0837545393289785,0.191366897664023,31.6099322128854,0.437664718147982,0.929703880531817,"ratio"
"141 - 733co141",0.0209774407243772,0.190343576906373,30.9892192105162,0.110208293157671,0.964450716478638,"ratio"
"522co141 - 702co141",0.337953681529054,0.189314724777214,30.37264257736,1.78514207981846,0.144769142458305,"ratio"
"522co141 - 717co141",0.357717551753636,0.190343576906373,30.9892192105162,1.87932557309034,0.123542017470221,"ratio"
"522co141 - 733co141",0.294940453149035,0.189314724777214,30.37264257736,1.55793720481131,0.216013787747684,"ratio"
"702co141 - 717co141",0.0197638702245815,0.190343576906373,30.9892192105162,0.103832609147105,0.964450716478638,"ratio"
"702co141 - 733co141",-0.0430132283800198,0.189314724777214,30.37264257736,-0.227204875007149,0.957652456454766,"ratio"
"717co141 - 733co141",-0.0627770986046012,0.190343576906373,30.9892192105162,-0.329809387975724,0.929703880531817,"ratio"
"InCtrl - ExCtrl",1.85290350218075,37.0801782402311,30.8453860528097,0.0499701886591904,0.996871616822083,"shoot_mass"
"InCtrl - 522",-2.05209649781923,30.3154807295717,30.9985317411977,-0.0676913724748387,0.996871616822083,"shoot_mass"
"InCtrl - 702",9.08590350218077,30.3154807295717,30.9985317411978,0.299711674811667,0.980341650054214,"shoot_mass"
"InCtrl - 717",0.819301345273218,30.4340968455697,31.4595784649054,0.0269205079234176,0.996871616822083,"shoot_mass"
"InCtrl - 733",0.00205751377620109,30.4340968455697,31.4595784649054,6.76055473780423e-05,0.999946485463925,"shoot_mass"
"InCtrl - 141",-218.628204464908,30.4340968455697,31.4595784649054,-7.18366001049028,5.47697321352966e-07,"shoot_mass"
"InCtrl - 522co141",-180.349096497819,30.3154807295717,30.9985317411977,-5.94907592284672,5.34673398169685e-06,"shoot_mass"
"InCtrl - 702co141",-203.890596497819,30.3154807295717,30.9985317411977,-6.72562636616647,9.69397303859967e-07,"shoot_mass"
"InCtrl - 717co141",-121.532467498209,30.4340968455697,31.4595784649054,-3.99329962426339,0.000743467065425403,"shoot_mass"
"InCtrl - 733co141",-131.549096497819,30.3154807295717,30.9985317411977,-4.33933730661568,0.000352774403781324,"shoot_mass"
"ExCtrl - 522",-3.90499999999999,36.9828844113979,30.5399071933289,-0.105589384444997,0.996871616822083,"shoot_mass"
"ExCtrl - 702",7.23300000000001,36.9828844113979,30.5399071933289,0.195576957155101,0.996871616822083,"shoot_mass"
"ExCtrl - 717",-1.03360215690754,37.080178240231,30.8453860528096,-0.0278747893338362,0.996871616822083,"shoot_mass"
"ExCtrl - 733",-1.85084598840455,37.080178240231,30.8453860528096,-0.0499147004206262,0.996871616822083,"shoot_mass"
"ExCtrl - 141",-220.481107967088,37.080178240231,30.8453860528095,-5.94606386567668,5.34673398169685e-06,"shoot_mass"
"ExCtrl - 522co141",-182.202,36.9828844113979,30.5399071933289,-4.92665736866771,8.39004685708845e-05,"shoot_mass"
"ExCtrl - 702co141",-205.7435,36.982884411398,30.5399071933289,-5.56320858349791,1.45071035281511e-05,"shoot_mass"
"ExCtrl - 717co141",-123.38537100039,37.080178240231,30.8453860528095,-3.32752906960194,0.00417181225610745,"shoot_mass"
"ExCtrl - 733co141",-133.402,36.982884411398,30.5399071933289,-3.60712805729362,0.00206731137804656,"shoot_mass"
"522 - 702",11.138,30.1963986747517,30.5399071933289,0.368851932310487,0.980341650054214,"shoot_mass"
"522 - 717",2.87139784309245,30.3154807295716,30.9985317411975,0.0947172129218954,0.996871616822083,"shoot_mass"
"522 - 733",2.05415401159543,30.3154807295716,30.9985317411975,0.0677592425440802,0.996871616822083,"shoot_mass"
"522 - 141",-216.576107967088,30.3154807295716,30.9985317411975,-7.14407631859937,5.47697321352966e-07,"shoot_mass"
"522 - 522co141",-178.297,30.1963986747517,30.5399071933289,-5.90457828830695,5.85392176844703e-06,"shoot_mass"
"522 - 702co141",-201.8385,30.1963986747517,30.5399071933289,-6.68419112404833,1.05487364121043e-06,"shoot_mass"
"522 - 717co141",-119.48037100039,30.3154807295716,30.9985317411975,-3.9412329319865,0.000844718534687397,"shoot_mass"
"522 - 733co141",-129.497,30.1963986747517,30.5399071933289,-4.28849153155066,0.000382462398376895,"shoot_mass"
"702 - 717",-8.26660215690755,30.3154807295716,30.9985317411975,-0.272685834364612,0.983628837146884,"shoot_mass"
"702 - 733",-9.08384598840457,30.3154807295716,30.9985317411975,-0.299643804742427,0.980341650054214,"shoot_mass"
"702 - 141",-227.714107967088,30.3154807295716,30.9985317411975,-7.51147936588588,5.47697321352966e-07,"shoot_mass"
"702 - 522co141",-189.435,30.1963986747517,30.5399071933289,-6.27343022061744,3.01289005437473e-06,"shoot_mass"
"702 - 702co141",-212.9765,30.1963986747517,30.5399071933289,-7.05304305635882,6.37381289644291e-07,"shoot_mass"
"702 - 717co141",-130.61837100039,30.3154807295716,30.9985317411975,-4.30863597927301,0.000367979275438233,"shoot_mass"
"702 - 733co141",-140.635,30.1963986747517,30.5399071933289,-4.65734346386115,0.000170768248762573,"shoot_mass"
"717 - 733",-0.817243831497017,30.4340968455696,31.4595784649051,-0.0268529023760396,0.996871616822083,"shoot_mass"
"717 - 141",-219.447505810181,30.4340968455696,31.459578464905,-7.21058051841372,5.47697321352966e-07,"shoot_mass"
"717 - 522co141",-181.168397843092,30.3154807295716,30.9985317411975,-5.9761017632938,5.34673398169685e-06,"shoot_mass"
"717 - 702co141",-204.709897843093,30.3154807295716,30.9985317411975,-6.75265220661355,9.69397303859967e-07,"shoot_mass"
"717 - 717co141",-122.351768843482,30.4340968455696,31.4595784649051,-4.02022013218682,0.000743467065425403,"shoot_mass"
"717 - 733co141",-132.368397843093,30.3154807295716,30.9985317411975,-4.36636314706275,0.000352774403781324,"shoot_mass"
"733 - 141",-218.630261978684,30.4340968455696,31.4595784649051,-7.18372761603768,5.47697321352966e-07,"shoot_mass"
"733 - 522co141",-180.351154011595,30.3154807295716,30.9985317411975,-5.94914379291598,5.34673398169685e-06,"shoot_mass"
"733 - 702co141",-203.892654011596,30.3154807295716,30.9985317411975,-6.72569423623574,9.69397303859967e-07,"shoot_mass"
"733 - 717co141",-121.534525011985,30.4340968455696,31.4595784649051,-3.99336722981078,0.000743467065425403,"shoot_mass"
"733 - 733co141",-131.551154011596,30.3154807295716,30.9985317411975,-4.33940517668494,0.000352774403781324,"shoot_mass"
"141 - 522co141",38.2791079670885,30.3154807295716,30.9985317411975,1.26269176822747,0.321254101524126,"shoot_mass"
"141 - 702co141",14.7376079670882,30.3154807295716,30.9985317411975,0.486141324907712,0.888865001198607,"shoot_mass"
"141 - 717co141",97.0957369666983,30.4340968455696,31.4595784649051,3.1903603862269,0.00569964780696456,"shoot_mass"
"141 - 733co141",87.0791079670881,30.3154807295716,30.9985317411975,2.87243038445851,0.0125246072153546,"shoot_mass"
"522co141 - 702co141",-23.5415000000004,30.1963986747517,30.5399071933289,-0.779612835741378,0.639185322393187,"shoot_mass"
"522co141 - 717co141",58.8166289996097,30.3154807295716,30.9985317411975,1.9401516183854,0.0966511514805679,"shoot_mass"
"522co141 - 733co141",48.7999999999995,30.1963986747517,30.5399071933289,1.61608675675629,0.177772975690469,"shoot_mass"
"702co141 - 717co141",82.3581289996101,30.3154807295716,30.9985317411975,2.71670206170515,0.0178143852591249,"shoot_mass"
"702co141 - 733co141",72.3414999999999,30.1963986747517,30.5399071933289,2.39569959249767,0.0370627387071347,"shoot_mass"
"717co141 - 733co141",-10.0166289996102,30.3154807295716,30.9985317411975,-0.330413002154354,0.980341650054214,"shoot_mass"
"InCtrl - ExCtrl",3.39929636398583,21.2528038742012,30.8705417017205,0.159945783347309,0.953403994273035,"root_mass"
"InCtrl - 522",1.21779636398582,17.3720177673374,31.0010028520714,0.0701010314573535,0.962055419137983,"root_mass"
"InCtrl - 702",7.8547963639858,17.3720177673374,31.0010028520713,0.452152217962515,0.877729373054369,"root_mass"
"InCtrl - 717",-0.752048073218586,17.429419388041,31.3935815149607,-0.0431481999758751,0.965856673471648,"root_mass"
"InCtrl - 733",-3.37627855366046,17.429419388041,31.3935815149607,-0.193711475895581,0.953403994273035,"root_mass"
"InCtrl - 141",-64.3635093815806,17.429419388041,31.3935815149608,-3.6928085754677,0.00851868986116322,"root_mass"
"InCtrl - 522co141",-40.3762036360141,17.3720177673374,31.0010028520713,-2.32420920682737,0.097127601872926,"root_mass"
"InCtrl - 702co141",-62.494203636014,17.3720177673374,31.0010028520714,-3.59740615471364,0.00851868986116322,"root_mass"
"InCtrl - 717co141",-24.7477000717767,17.429419388041,31.3935815149608,-1.41988092206658,0.303411667470905,"root_mass"
"InCtrl - 733co141",-27.0652036360142,17.3720177673374,31.0010028520713,-1.55797697184617,0.273709789358298,"root_mass"
"ExCtrl - 522",-2.18150000000001,21.2057542572701,30.6102216359543,-0.102873020857163,0.953403994273035,"root_mass"
"ExCtrl - 702",4.45549999999997,21.2057542572701,30.6102216359543,0.210108065289518,0.953403994273035,"root_mass"
"ExCtrl - 717",-4.15134443720441,21.2528038742012,30.8705417017209,-0.195331611855871,0.953403994273035,"root_mass"
"ExCtrl - 733",-6.77557491764629,21.2528038742012,30.8705417017209,-0.318808518525462,0.953403994273035,"root_mass"
"ExCtrl - 141",-67.7628057455665,21.2528038742012,30.8705417017209,-3.18841721528442,0.0163545069312048,"root_mass"
"ExCtrl - 522co141",-43.7755,21.2057542572701,30.6102216359543,-2.06432176233449,0.123519607539738,"root_mass"
"ExCtrl - 702co141",-65.8934999999999,21.2057542572701,30.6102216359543,-3.1073405454281,0.0185802194144421,"root_mass"
"ExCtrl - 717co141",-28.1469964357625,21.2528038742012,30.8705417017209,-1.32438978886594,0.31559591514273,"root_mass"
"ExCtrl - 733co141",-30.4645,21.2057542572701,30.6102216359543,-1.43661478061105,0.303411667470905,"root_mass"
"522 - 702",6.63699999999998,17.3144258470546,30.6102216359543,0.383321980100716,0.922075547204074,"root_mass"
"522 - 717",-1.96984443720441,17.3720177673374,31.0010028520721,-0.113391804198363,0.953403994273035,"root_mass"
"522 - 733",-4.59407491764628,17.3720177673374,31.0010028520721,-0.264452579957868,0.953403994273035,"root_mass"
"522 - 141",-65.5813057455665,17.3720177673374,31.001002852072,-3.77511159750663,0.00851868986116322,"root_mass"
"522 - 522co141",-41.5939999999999,17.3144258470546,30.6102216359543,-2.40227428662185,0.0886070072723229,"root_mass"
"522 - 702co141",-63.7119999999999,17.3144258470546,30.6102216359543,-3.67970619198084,0.00851868986116322,"root_mass"
"522 - 717co141",-25.9654964357625,17.3720177673374,31.0010028520721,-1.49467360576746,0.285037627559528,"root_mass"
"522 - 733co141",-28.283,17.3144258470546,30.6102216359543,-1.63349338001937,0.247743417423728,"root_mass"
"702 - 717",-8.60684443720439,17.3720177673374,31.001002852072,-0.495442990703524,0.857699321503272,"root_mass"
"702 - 733",-11.2310749176463,17.3720177673374,31.0010028520721,-0.646503766463029,0.737156655969675,"root_mass"
"702 - 141",-72.2183057455664,17.3720177673374,31.0010028520721,-4.15716278401179,0.00851868986116322,"root_mass"
"702 - 522co141",-48.2309999999999,17.3144258470546,30.6102216359543,-2.78559626672256,0.0384365353864985,"root_mass"
"702 - 702co141",-70.3489999999998,17.3144258470546,30.6102216359543,-4.06302817208156,0.00851868986116322,"root_mass"
"702 - 717co141",-32.6024964357625,17.3720177673374,31.001002852072,-1.87672479227262,0.160408133701987,"root_mass"
"702 - 733co141",-34.92,17.3144258470546,30.6102216359543,-2.01681536012009,0.125686534534459,"root_mass"
"717 - 733",-2.62423048044187,17.429419388041,31.3935815149614,-0.150563275919705,0.953403994273035,"root_mass"
"717 - 141",-63.611461308362,17.429419388041,31.3935815149615,-3.64966037549182,0.00851868986116322,"root_mass"
"717 - 522co141",-39.6241555627955,17.3720177673374,31.001002852072,-2.28091843408636,0.097127601872926,"root_mass"
"717 - 702co141",-61.7421555627954,17.3720177673374,31.0010028520721,-3.55411538197262,0.00851868986116322,"root_mass"
"717 - 717co141",-23.9956519985581,17.429419388041,31.3935815149615,-1.3767327220907,0.304177166636409,"root_mass"
"717 - 733co141",-26.3131555627956,17.3720177673374,31.0010028520721,-1.51468619910516,0.285037627559528,"root_mass"
"733 - 141",-60.9872308279202,17.429419388041,31.3935815149615,-3.49909709957212,0.00867916772593669,"root_mass"
"733 - 522co141",-36.9999250823537,17.3720177673374,31.001002852072,-2.12985765832685,0.11337489696554,"root_mass"
"733 - 702co141",-59.1179250823536,17.3720177673374,31.0010028520721,-3.40305460621312,0.0102082435640892,"root_mass"
"733 - 717co141",-21.3714215181162,17.429419388041,31.3935815149615,-1.226169446171,0.350247877658143,"root_mass"
"733 - 733co141",-23.6889250823537,17.3720177673374,31.0010028520721,-1.36362542334566,0.304177166636409,"root_mass"
"141 - 522co141",23.9873057455665,17.3720177673374,31.0010028520721,1.3808013592219,0.304177166636409,"root_mass"
"141 - 702co141",1.86930574556661,17.3720177673374,31.0010028520721,0.107604411335639,0.953403994273035,"root_mass"
"141 - 717co141",39.615809309804,17.429419388041,31.3935815149615,2.27292765340112,0.097127601872926,"root_mass"
"141 - 733co141",37.2983057455665,17.3720177673374,31.001002852072,2.1470335942031,0.11337489696554,"root_mass"
"522co141 - 702co141",-22.1179999999999,17.3144258470546,30.6102216359543,-1.27743190535899,0.331656352242331,"root_mass"
"522co141 - 717co141",15.6285035642375,17.3720177673374,31.001002852072,0.899636632517264,0.557802547223644,"root_mass"
"522co141 - 733co141",13.311,17.3144258470546,30.6102216359543,0.768780906602476,0.648297618842844,"root_mass"
"702co141 - 717co141",37.7465035642374,17.3720177673374,31.0010028520721,2.17283358040353,0.11337489696554,"root_mass"
"702co141 - 733co141",35.4289999999999,17.3144258470546,30.6102216359543,2.04621281196147,0.123519607539738,"root_mass"
"717co141 - 733co141",-2.31750356423749,17.3720177673374,31.0010028520721,-0.133404397536067,0.953403994273035,"root_mass"
"InCtrl - ExCtrl",4.69051719647885e-14,4.52752557509478,30.8047288735368,1.03600015476018e-14,1,"total_nod"
"InCtrl - 522",4.93825936971258e-14,3.70274712499145,30.9929357816798,1.33367448627051e-14,1,"total_nod"
"InCtrl - 702",4.96970106659377e-14,3.70274712499145,30.9929357816798,1.34216593756865e-14,1,"total_nod"
"InCtrl - 717",5.05173963154947e-14,3.72080225492502,31.5598960617139,1.3577017227569e-14,1,"total_nod"
"InCtrl - 733",4.80302106094109e-14,3.72080225492502,31.559896061714,1.29085630782544e-14,1,"total_nod"
"InCtrl - 141",-40.384278165176,3.72080225492502,31.559896061714,-10.8536480571419,4.27659634863176e-11,"total_nod"
"InCtrl - 522co141",-33,3.70274712499145,30.9929357816798,-8.91230183591761,1.69058880110771e-09,"total_nod"
"InCtrl - 702co141",-33.6499999999999,3.70274712499145,30.9929357816798,-9.08784717510993,1.69058880110771e-09,"total_nod"
"InCtrl - 717co141",-31.3372756787735,3.72080225492502,31.5598960617139,-8.42218251112218,3.85335463022943e-09,"total_nod"
"InCtrl - 733co141",-30.2499999999999,3.70274712499145,30.9929357816798,-8.16961001625781,6.92656645397109e-09,"total_nod"
"ExCtrl - 522",2.47742173233735e-15,4.51269926812264,30.4294996907008,5.48988883402372e-16,1,"total_nod"
"ExCtrl - 702",2.79183870114917e-15,4.51269926812264,30.4294996907008,6.18662697262037e-16,1,"total_nod"
"ExCtrl - 717",3.6122243507062e-15,4.52752557509478,30.8047288735362,7.97836321582918e-16,1,"total_nod"
"ExCtrl - 733",1.12503864462243e-15,4.52752557509478,30.8047288735362,2.48488633793941e-16,1,"total_nod"
"ExCtrl - 141",-40.3842781651761,4.52752557509478,30.8047288735361,-8.91972391880541,1.69058880110771e-09,"total_nod"
"ExCtrl - 522co141",-33,4.51269926812264,30.4294996907008,-7.3126964681891,6.89321496554106e-08,"total_nod"
"ExCtrl - 702co141",-33.65,4.51269926812264,30.4294996907008,-7.45673442892616,4.85296904630925e-08,"total_nod"
"ExCtrl - 717co141",-31.3372756787735,4.52752557509478,30.8047288735361,-6.92150163682234,1.80492561712534e-07,"total_nod"
"ExCtrl - 733co141",-30.25,4.51269926812264,30.4294996907008,-6.70330509584001,3.39619270700012e-07,"total_nod"
"522 - 702",3.14416968811823e-16,3.68460352317719,30.4294996907008,8.53326461949168e-17,1,"total_nod"
"522 - 717",1.13480261836885e-15,3.70274712499145,30.9929357816788,3.06475862396753e-16,1,"total_nod"
"522 - 733",-1.35238308771492e-15,3.70274712499145,30.9929357816787,-3.65237765924414e-16,1,"total_nod"
"522 - 141",-40.3842781651761,3.70274712499145,30.9929357816788,-10.9065720131426,4.27659634863176e-11,"total_nod"
"522 - 522co141",-33,3.68460352317719,30.4294996907008,-8.95618749545799,1.69058880110771e-09,"total_nod"
"522 - 702co141",-33.65,3.68460352317719,30.4294996907008,-9.1325972491564,1.69058880110771e-09,"total_nod"
"522 - 717co141",-31.3372756787735,3.70274712499145,30.9929357816788,-8.46325028983606,3.85335463022943e-09,"total_nod"
"522 - 733co141",-30.25,3.68460352317719,30.4294996907008,-8.20983853750315,6.92656645397109e-09,"total_nod"
"702 - 717",8.20385649557028e-16,3.70274712499145,30.9929357816788,2.21561349415381e-16,1,"total_nod"
"702 - 733",-1.66680005652675e-15,3.70274712499145,30.9929357816788,-4.50152278905786e-16,1,"total_nod"
"702 - 141",-40.3842781651761,3.70274712499145,30.9929357816788,-10.9065720131426,4.27659634863176e-11,"total_nod"
"702 - 522co141",-33,3.68460352317719,30.4294996907008,-8.95618749545799,1.69058880110771e-09,"total_nod"
"702 - 702co141",-33.65,3.68460352317719,30.4294996907008,-9.1325972491564,1.69058880110771e-09,"total_nod"
"702 - 717co141",-31.3372756787735,3.70274712499145,30.9929357816788,-8.46325028983606,3.85335463022943e-09,"total_nod"
"702 - 733co141",-30.25,3.68460352317719,30.4294996907008,-8.20983853750315,6.92656645397109e-09,"total_nod"
"717 - 733",-2.48718570608377e-15,3.72080225492502,31.5598960617129,-6.68454149314607e-16,1,"total_nod"
"717 - 141",-40.3842781651761,3.72080225492502,31.5598960617129,-10.8536480571419,4.27659634863176e-11,"total_nod"
"717 - 522co141",-33,3.70274712499145,30.9929357816788,-8.91230183591763,1.69058880110771e-09,"total_nod"
"717 - 702co141",-33.65,3.70274712499145,30.9929357816788,-9.08784717510995,1.69058880110771e-09,"total_nod"
"717 - 717co141",-31.3372756787735,3.72080225492502,31.5598960617129,-8.4221825111222,3.85335463022943e-09,"total_nod"
"717 - 733co141",-30.25,3.70274712499145,30.9929357816788,-8.16961001625783,6.92656645397109e-09,"total_nod"
"733 - 141",-40.3842781651761,3.72080225492502,31.5598960617129,-10.8536480571419,4.27659634863176e-11,"total_nod"
"733 - 522co141",-33,3.70274712499145,30.9929357816788,-8.91230183591763,1.69058880110771e-09,"total_nod"
"733 - 702co141",-33.65,3.70274712499145,30.9929357816789,-9.08784717510995,1.69058880110771e-09,"total_nod"
"733 - 717co141",-31.3372756787735,3.72080225492502,31.5598960617129,-8.4221825111222,3.85335463022943e-09,"total_nod"
"733 - 733co141",-30.25,3.70274712499145,30.9929357816788,-8.16961001625783,6.92656645397109e-09,"total_nod"
"141 - 522co141",7.38427816517609,3.70274712499145,30.9929357816788,1.99427017722501,0.0916387016275493,"total_nod"
"141 - 702co141",6.73427816517611,3.70274712499145,30.9929357816788,1.8187248380327,0.127193523213543,"total_nod"
"141 - 717co141",9.04700248640259,3.72080225492502,31.5598960617129,2.4314655460197,0.0359232093429393,"total_nod"
"141 - 733co141",10.1342781651761,3.70274712499145,30.9929357816788,2.73696199688482,0.0180527547513659,"total_nod"
"522co141 - 702co141",-0.649999999999977,3.68460352317719,30.4294996907008,-0.176409753698409,1,"total_nod"
"522co141 - 717co141",1.6627243212265,3.70274712499145,30.9929357816788,0.449051546081571,0.950224668537571,"total_nod"
"522co141 - 733co141",2.75000000000001,3.68460352317719,30.4294996907008,0.746348957954835,0.704587085382211,"total_nod"
"702co141 - 717co141",2.31272432122648,3.70274712499145,30.9929357816788,0.624596885273882,0.797956425398199,"total_nod"
"702co141 - 733co141",3.39999999999999,3.68460352317719,30.4294996907008,0.922758711653244,0.571044875381439,"total_nod"
"717co141 - 733co141",1.08727567877351,3.70274712499145,30.9929357816788,0.293640273578234,1,"total_nod"
